<CSPIF VERSION="0.01">
<CSP>
<NAME>Five Queens Problem</NAME>
<VARIABLE TYPE="Integer">
	<NAME>A</NAME>
	<VALUE>1</VALUE>
	<VALUE>2</VALUE>
	<VALUE>3</VALUE>
	<VALUE>4</VALUE>
	<VALUE>5</VALUE>
	<PROPERTY>position = (7346.751, 5065.49)</PROPERTY>
</VARIABLE>
<VARIABLE TYPE="Integer">
	<NAME>B</NAME>
	<VALUE>1</VALUE>
	<VALUE>2</VALUE>
	<VALUE>3</VALUE>
	<VALUE>4</VALUE>
	<VALUE>5</VALUE>
	<PROPERTY>position = (7516.942, 5202.852)</PROPERTY>
</VARIABLE>
<VARIABLE TYPE="Integer">
	<NAME>C</NAME>
	<VALUE>1</VALUE>
	<VALUE>2</VALUE>
	<VALUE>3</VALUE>
	<VALUE>4</VALUE>
	<VALUE>5</VALUE>
	<PROPERTY>position = (7448.693, 5414.5103)</PROPERTY>
</VARIABLE>
<VARIABLE TYPE="Integer">
	<NAME>D</NAME>
	<VALUE>1</VALUE>
	<VALUE>2</VALUE>
	<VALUE>3</VALUE>
	<VALUE>4</VALUE>
	<VALUE>5</VALUE>
	<PROPERTY>position = (7227.5312, 5413.647)</PROPERTY>
</VARIABLE>
<VARIABLE TYPE="Integer">
	<NAME>E</NAME>
	<VALUE>1</VALUE>
	<VALUE>2</VALUE>
	<VALUE>3</VALUE>
	<VALUE>4</VALUE>
	<VALUE>5</VALUE>
	<PROPERTY>position = (7167.058, 5201.1245)</PROPERTY>
</VARIABLE>
<CONSTRAINT TYPE="Queens">
	<GIVEN>C</GIVEN>
	<GIVEN>D</GIVEN>
	<ARGS> 1 </ARGS>
	<PROPERTY>position = (7338.1123, 5414.0786)</PROPERTY>
</CONSTRAINT>
<CONSTRAINT TYPE="Queens">
	<GIVEN>A</GIVEN>
	<GIVEN>D</GIVEN>
	<ARGS> 3 </ARGS>
	<PROPERTY>position = (7287.1416, 5239.5684)</PROPERTY>
</CONSTRAINT>
<CONSTRAINT TYPE="Queens">
	<GIVEN>B</GIVEN>
	<GIVEN>D</GIVEN>
	<ARGS> 2 </ARGS>
	<PROPERTY>position = (7372.237, 5308.2495)</PROPERTY>
</CONSTRAINT>
<CONSTRAINT TYPE="Queens">
	<GIVEN>B</GIVEN>
	<GIVEN>C</GIVEN>
	<ARGS> 1 </ARGS>
	<PROPERTY>position = (7482.8174, 5308.681)</PROPERTY>
</CONSTRAINT>
<CONSTRAINT TYPE="Queens">
	<GIVEN>A</GIVEN>
	<GIVEN>C</GIVEN>
	<ARGS> 2 </ARGS>
	<PROPERTY>position = (7397.722, 5240.0005)</PROPERTY>
</CONSTRAINT>
<CONSTRAINT TYPE="Queens">
	<GIVEN>A</GIVEN>
	<GIVEN>B</GIVEN>
	<ARGS> 1 </ARGS>
	<PROPERTY>position = (7431.846, 5134.171)</PROPERTY>
</CONSTRAINT>
<CONSTRAINT TYPE="Queens">
	<GIVEN>D</GIVEN>
	<GIVEN>E</GIVEN>
	<ARGS> 1 </ARGS>
	<PROPERTY>position = (7197.2944, 5307.3857)</PROPERTY>
</CONSTRAINT>
<CONSTRAINT TYPE="Queens">
	<GIVEN>C</GIVEN>
	<GIVEN>E</GIVEN>
	<ARGS> 2 </ARGS>
	<PROPERTY>position = (7307.875, 5307.8174)</PROPERTY>
</CONSTRAINT>
<CONSTRAINT TYPE="Queens">
	<GIVEN>B</GIVEN>
	<GIVEN>E</GIVEN>
	<ARGS> 3 </ARGS>
	<PROPERTY>position = (7342.0, 5201.9883)</PROPERTY>
</CONSTRAINT>
<CONSTRAINT TYPE="Queens">
	<GIVEN>A</GIVEN>
	<GIVEN>E</GIVEN>
	<ARGS> 4 </ARGS>
	<PROPERTY>position = (7256.905, 5133.307)</PROPERTY>
</CONSTRAINT>
</CSP>
</CSPIF>

